RESNR,RESTYPE,RESCHAIN,RESNR_LIG,RESTYPE_LIG,RESCHAIN_LIG,DIST,LIGCARBONIDX,PROTCARBONIDX,LIGCOO,PROTCOO,BOND,PROT_IDX_LIST,PROTISPOS,LIG_GROUP,LIG_IDX_LIST,OFFSET,PROTCHARGED
185,ARG,A,1,UNL,A,4.21,,,"(28.058500000000002, 33.879999999999995, -5.628)","(24.507333333333335, 36.132666666666665, -5.448333333333333)",SALTBRIDGE,"2405,2407,2408",True,Carboxylate,"8838,8839",,
185,ARG,A,1,UNL,A,4.22,,,"(24.291666666666668, 32.125166666666665, -6.762333333333333)","(24.507333333333335, 36.132666666666665, -5.448333333333333)",PICATION,"2405,2407,2408",,Aromatic,"8825,8826,8827,8828,8829,8830",1.94,True
